stadiumXmonth,n,n_races,n_hits,mean_implied_p_norm,mean_actual_p,lift,mean_odds,ev_all_buy,wilson_lo,wilson_hi,lift_boot_lo,lift_boot_hi,ev_boot_lo,ev_boot_hi
3|2026-02,26,22,7,0.11809662712254526,0.2692307692307692,2.2797498606915902,6.41923076923077,1.7282544378698228,0.15308022164809826,0.4288820561541022,1.104264659909621,3.3948404382867503,0.8395122873345937,2.5709052631578944
3|2025-06,65,45,15,0.12751852444439823,0.23076923076923078,1.8096918214408357,6.06923076923077,1.4005917159763317,0.15662011633826928,0.32643550637111607,1.2056690943593333,2.4252477605259597,0.9355883401814783,1.867125144014049
19|2025-10,127,82,29,0.12722644300326802,0.2283464566929134,1.7948034331750353,6.071653543307086,1.3864405728811457,0.1731230396037943,0.29490278132482284,1.3903275110401199,2.190776900280243,1.077241794217687,1.6906226721786313
2|2025-10,72,51,16,0.12265811673079756,0.2222222222222222,1.8117204808381477,6.216666666666667,1.3814814814814815,0.15252777026658715,0.31203672989558695,1.2699923067655927,2.400385571127452,0.9662484636575546,1.8310045006224263
7|2025-10,187,119,42,0.13097481073761968,0.22459893048128343,1.7148253867777665,5.938502673796791,1.3337813491950012,0.17853483839189976,0.278518455230362,1.3886363911346804,2.0639632910928536,1.0783217670068026,1.6046747344856316
4|2025-05,40,30,8,0.11940968618947381,0.2,1.6749060011986732,6.409999999999999,1.282,0.11654735446233844,0.3214647147249364,0.8327927774616427,2.618512156916066,0.6355681789802288,2.0039223179668855
1|2025-12,107,62,22,0.12443028832850687,0.205607476635514,1.6523909041558453,6.154205607476635,1.2653506856494017,0.14898653431549963,0.2767489571060312,1.2003726532237777,2.1352393763872315,0.9192557138691488,1.632271762533318
1|2025-09,78,49,16,0.13063910078154914,0.20512820512820512,1.5701899653398141,5.952564102564103,1.2210387902695594,0.14042271846777324,0.289604042628701,1.1021623388360229,2.011058655551495,0.8540863404429729,1.569402306050391
5|2026-04,45,30,9,0.12623276346159903,0.2,1.5843747258281446,6.077777777777777,1.2155555555555555,0.12024821711239651,0.31377982145337924,0.8640302696473683,2.2679610509020867,0.6583887349953831,1.7445241684941521
4|2025-09,36,30,7,0.12410515973154942,0.19444444444444445,1.5667716383834902,6.230555555555556,1.2114969135802471,0.10900815688556029,0.3225978086503094,0.7430980723083529,2.441323825259519,0.5739895739614521,1.880031259830135
14|2025-09,79,50,15,0.12110246771175394,0.189873417721519,1.5678740599527048,6.284810126582278,1.1933183784649897,0.12803863368601687,0.27224685578594726,1.0852827688818483,2.0850833258462966,0.8254747040095513,1.5891213923684924
24|2026-02,115,65,24,0.13877486056444233,0.20869565217391303,1.5038433569673944,5.64608695652174,1.1783137996219284,0.15341784234200603,0.2773651264641346,1.1363586731348192,1.9066663632954632,0.8899059763677347,1.4955951672664363
2|2026-01,71,54,13,0.12457015700603896,0.18309859154929578,1.4698431466247526,6.2478873239436625,1.1439793691727833,0.11972602507774405,0.2697364509973903,0.9367098310388018,2.0571207930396866,0.7202928500415465,1.5997123640163935
17|2026-03,164,100,31,0.12839530777239647,0.18902439024390244,1.4722063720504632,6.039634146341464,1.1416381618084475,0.14393798082932216,0.24420474144261564,1.14287807726382,1.8159762544644846,0.8856825542266804,1.4073076924454953
14|2026-04,54,33,10,0.1257488520206902,0.18518518518518517,1.4726590518274916,6.068518518518518,1.1237997256515773,0.1140373562357838,0.2863739981228272,0.8708073377457369,2.128689524780541,0.6649300411522632,1.6258828694695517
20|2025-10,49,28,9,0.12822530112703803,0.1836734693877551,1.4324276704624956,6.079591836734694,1.1166597251145356,0.11011674031951929,0.2903343925938782,0.8299760107033037,2.049817382155793,0.6473922460472168,1.594975933470818
6|2026-04,120,80,23,0.13389904826201537,0.19166666666666668,1.4314266542926495,5.802499999999999,1.1121458333333334,0.1396238679944794,0.2573063935329172,1.0331385596027722,1.832116931349123,0.8056504853310836,1.4207830844639817
2|2026-03,51,41,9,0.12229712122474504,0.17647058823529413,1.4429660033533798,6.290196078431372,1.1100346020761247,0.10566621749024083,0.27987207376256795,0.749496231388411,2.222216427826909,0.5773644041453468,1.7035117074028743
17|2025-06,94,55,17,0.1252719869940518,0.18085106382978725,1.4436672409321207,6.126595744680852,1.1080013580805796,0.12478480183461012,0.25477506767296315,1.0161336694677183,1.9074257412858782,0.7800018458341795,1.4649522569444442
7|2026-02,197,122,36,0.12816243859276677,0.18274111675126903,1.4258554905616674,6.022335025380711,1.1005282279883533,0.1418532401434485,0.23222522639279627,1.1218017771989597,1.7468054486281475,0.8640948042223683,1.3491373089036025
15|2026-01,110,70,20,0.12869803527648604,0.18181818181818182,1.4127502523840096,6.003636363636363,1.0915702479338842,0.1292118167885841,0.24970072065452079,0.9884097853853092,1.8696341799051641,0.7654700125102881,1.44862214679434
5|2025-06,88,59,16,0.12866637947915074,0.18181818181818182,1.4130978314163558,5.988636363636363,1.0888429752066116,0.12402391443146223,0.2585937529403156,0.9580592455025241,1.850519821841171,0.7390538967667439,1.4242999205777838
20|2025-09,161,97,29,0.12851689687167292,0.18012422360248448,1.401560635115106,6.034161490683229,1.086898653601327,0.1357254632812619,0.23509608724929681,1.049689767362887,1.7522803968774936,0.8160963505795202,1.3586248704060686
19|2025-05,172,103,31,0.1285759142168162,0.18023255813953487,1.401759880436165,6.001744186046513,1.0817097079502436,0.13709501961491377,0.23327412938176384,1.0767448846223677,1.7559579010077506,0.830771635273315,1.355917106500994
5|2025-09,75,55,13,0.12318079297328619,0.17333333333333334,1.407145782629631,6.230666666666666,1.0799822222222222,0.11316431177458085,0.2562500463021145,0.8607406047922337,1.969325914222274,0.6592770320342881,1.5119692554919828
22|2026-04,184,114,34,0.13507021199648445,0.18478260869565216,1.3680485575935988,5.833152173913043,1.0778650756143666,0.14240624669896781,0.2362945789220964,1.0553544268297204,1.6879375893945245,0.8311309092821889,1.3279365223730215
4|2026-03,94,63,16,0.12062376838594478,0.1702127659574468,1.4111046954928346,6.325531914893616,1.0766862833861472,0.11590479790291744,0.24297373392157492,0.9728678801391462,1.9327797990488316,0.7422052460789615,1.4774556476444929
20|2026-03,172,102,32,0.13625431585798328,0.18604651162790697,1.3654357328528344,5.750581395348837,1.069875608436993,0.14223837949037824,0.23957860316090526,1.0592162360887756,1.6611061716914983,0.8316511106855953,1.3037459233001472
22|2025-05,49,28,9,0.13579637050194676,0.1836734693877551,1.352565379390033,5.779591836734695,1.0615576842982093,0.11011674031951929,0.2903343925938782,0.7626750296464224,1.8820628757419955,0.5963789473684209,1.4827408591178317
2|2025-11,37,26,6,0.11752690068114986,0.16216216216216217,1.3797876164718037,6.524324324324324,1.05799853907962,0.08624896509677048,0.2841160311939078,0.6041299520694693,2.144825276583802,0.4591914387633768,1.6593880289471064
6|2025-12,139,86,24,0.12576136140429095,0.17266187050359713,1.372932581005806,6.098561151079137,1.0529889757258941,0.12631459919115617,0.23150868857966517,1.01011300186783,1.764023879933854,0.7748292695947099,1.3549722287857033
20|2025-12,114,71,21,0.13658203620113293,0.18421052631578946,1.348717089299489,5.699122807017544,1.0498384118190214,0.1320552030244481,0.25100752159822376,0.9860548514124294,1.719205198680544,0.7632502874523507,1.3415000527645704
6|2026-01,173,109,30,0.12762831876285846,0.17341040462427745,1.3587141655174901,6.042774566473989,1.0478799826255472,0.13119046309310392,0.22568810898494648,1.04706647259787,1.6881994528831252,0.807077984294042,1.3012799407600255
24|2025-10,236,141,42,0.13310438692551924,0.17796610169491525,1.3370415942376048,5.8635593220338995,1.0435147945992533,0.14073268519324858,0.22249953052933866,1.0843574223110348,1.6245091160452294,0.8460517254099706,1.2652668437897086
7|2025-08,117,72,20,0.1271227885059106,0.17094017094017094,1.3446855040646235,6.079487179487179,1.0392285776901162,0.121294969513969,0.2354599661542534,0.9525799252084015,1.7431169453807407,0.7369072341860007,1.3467981233522308
1|2026-02,122,74,21,0.1281652533676405,0.1721311475409836,1.34304066834111,6.031967213114754,1.0382894383230314,0.12318868434428408,0.23530013833224506,0.971624924075745,1.7317674037685087,0.74886840999524,1.3379215759590672
24|2026-03,194,120,33,0.1284095111018808,0.17010309278350516,1.3246923169775517,6.0505154639175265,1.0292113933467957,0.13034325468181004,0.21893792086436373,1.0354386643174431,1.6276690138798444,0.804250849502925,1.2660233027675096
11|2026-01,139,93,23,0.12380780096256268,0.16546762589928057,1.336487883742601,6.219424460431655,1.02911339992754,0.12011239610353092,0.22359711777214364,0.9402130518407024,1.764153205056307,0.7255882206334331,1.3553854765386755
18|2025-06,190,105,33,0.1314347818126062,0.1736842105263158,1.3214478552104034,5.920526315789474,1.028301939058172,0.13314410448061686,0.2233871204265786,1.0471785315392308,1.5935591948502223,0.8159710920667895,1.2408491141571096
24|2026-01,249,133,44,0.134008827886208,0.17670682730923695,1.3186207960813259,5.812449799196787,1.0270995629102757,0.14048508013462332,0.2198786298153634,1.0695028018037263,1.5667493785881486,0.8311201476139018,1.2205644708827719
16|2025-12,87,59,15,0.13167238273000814,0.1724137931034483,1.3094150005394805,5.934482758620689,1.0231866825208085,0.11595307209129647,0.24863469132637533,0.8063254840853005,1.8665397701320263,0.6294683876160294,1.4543772088597702
6|2025-05,170,106,29,0.12948096136163395,0.17058823529411765,1.3174773611517534,5.993529411764706,1.0224256055363323,0.12838699936292833,0.2231103656896923,0.9935313071734028,1.6676261535834125,0.7737075598032579,1.2912837809979896
5|2025-08,139,90,23,0.12565034781258083,0.16546762589928057,1.3168895174575315,6.1431654676258995,1.0164950054345014,0.12011239610353092,0.22359711777214364,0.9503312823880739,1.6542216441581308,0.7338425278887476,1.278051113572451
23|2025-08,194,104,33,0.1298151802299312,0.17010309278350516,1.310348238797768,5.96340206185567,1.0143931342331811,0.13034325468181004,0.21893792086436373,0.9949499786631246,1.6161213889767803,0.7702357857693819,1.2490492998043172
18|2025-08,273,150,47,0.13342014706427374,0.17216117216117216,1.290368628346927,5.855311355311355,1.0080572662990244,0.13784247617076512,0.2129141399006732,1.0484807967024983,1.5447996033576905,0.8201825096194076,1.2027229289386212
5|2026-02,68,47,11,0.12287611776178785,0.16176470588235295,1.3164861392834362,6.223529411764706,1.0067474048442908,0.10152176543049365,0.24789275353342813,0.7749679181014134,1.9050297895959472,0.5920764622851895,1.4578438123239263
9|2025-05,306,163,53,0.1351858965329236,0.17320261437908496,1.281218076893862,5.809477124183006,1.0062166260839847,0.14052434022028368,0.21160909489005778,1.0496374009943839,1.5125349436755517,0.822923253514709,1.1881316653553056
24|2025-05,167,100,29,0.13336312296909922,0.17365269461077845,1.3021042904867675,5.792215568862275,1.005833841299437,0.13074326717462184,0.22696775521467324,0.9772577683204838,1.6516227774983905,0.7540514089641718,1.275195435570258
20|2026-04,110,63,19,0.13575815117460577,0.17272727272727273,1.272316035779826,5.814545454545453,1.0043305785123964,0.12149114511874856,0.23967603625130215,0.8973673250474258,1.6633473373345855,0.7073470359758979,1.312892347374215
1|2025-08,123,73,21,0.13255477842656171,0.17073170731707318,1.2880086960551356,5.873983739837398,1.0028752726551657,0.1221634829918786,0.23347352573256783,0.9136413591201896,1.7008611565777654,0.7108168834162579,1.326433248262502
9|2025-07,170,97,28,0.12830701277433082,0.16470588235294117,1.2836857377595523,6.077058823529413,1.0009273356401385,0.12323765642809097,0.2166793044290407,0.9682302419655815,1.5980928801232648,0.752706056930482,1.2519020272497603
4|2025-08,71,52,11,0.11969064017309332,0.15492957746478872,1.2944168168933996,6.418309859154928,0.9943860345169606,0.0971234033639606,0.23806907058451904,0.7304758460440824,1.923826160008312,0.5617506191371715,1.4698857077266168
13|2025-05,233,135,39,0.1307949742387036,0.16738197424892703,1.2797278735148598,5.928755364806867,0.992366777800291,0.1310218328075736,0.21137802029479155,1.015401566439379,1.5484060124191987,0.7897757617328244,1.2002217576539318
17|2026-01,147,85,24,0.12697826354574263,0.16326530612244897,1.2857736557693145,6.06734693877551,0.9905872553102874,0.11929190385827648,0.21940993900062455,0.930974144752064,1.648110886285271,0.7165273583438913,1.267600356958447
20|2025-11,174,105,30,0.13724958137618415,0.1724137931034483,1.256206331375856,5.7362068965517246,0.9890011890606423,0.13042047650145633,0.22443847262022232,0.9341036027449278,1.562683111183487,0.7369572554927193,1.2269742678566062
8|2025-11,182,123,30,0.1293458513102735,0.16483516483516483,1.2743753523239019,5.991758241758242,0.9876524574326772,0.12457166707144324,0.21491756688151348,0.9606107520543007,1.6231728947437851,0.744721591985808,1.2605107190334388
11|2025-12,126,86,21,0.13067684125109982,0.16666666666666666,1.2754108920218787,5.9190476190476184,0.9865079365079363,0.11918787433032435,0.22815958448399037,0.9089489642074386,1.6733155256193901,0.7006027647146812,1.2957748050334272
10|2025-05,201,107,34,0.1335236988274925,0.1691542288557214,1.2668479853472467,5.819900497512438,0.9844607806737458,0.1301211698167205,0.21697563597064257,0.9886893643164311,1.5449626413939515,0.7683431817666202,1.1984278569237032
15|2025-11,134,86,22,0.13015519256622513,0.16417910447761194,1.2614103305488553,5.994029850746268,0.9840944531075964,0.11828980330429331,0.22336088820390257,0.8802257963862081,1.6395743375375926,0.6845617402659072,1.278246394815015
3|2025-07,51,35,8,0.12348432396734099,0.1568627450980392,1.2703049266360815,6.268627450980393,0.9833141099577087,0.09071308604052176,0.25758510165185117,0.6677701124652172,2.010186101913291,0.514968972465755,1.549512642857143
22|2025-12,203,115,34,0.133393655015295,0.16748768472906403,1.2555895908981562,5.861576354679803,0.9817418525079473,0.1288139477066103,0.2149081623874905,0.9738843540020795,1.5385790916125694,0.7600928896569519,1.203984375482018
5|2025-05,126,84,20,0.12485426506279072,0.15873015873015872,1.2713234798213053,6.184126984126983,0.9816074577979337,0.11243886222275438,0.21936925037285354,0.8748731616362276,1.6929728606790224,0.6748310617501572,1.3086433448681656
23|2026-04,148,85,24,0.12782018903747522,0.16216216216216217,1.2686740911845964,6.052702702702702,0.9815193571950328,0.11846864615952182,0.21798575552969154,0.9335348577659386,1.6158400774594281,0.7224927819791639,1.2506030670615438
7|2026-04,121,70,20,0.13098743737810023,0.1652892561983471,1.2618710580712666,5.919834710743801,0.9784850761560002,0.11719234007794722,0.22802697881169148,0.9016263520917223,1.6446715174392645,0.694012753821779,1.2788906222516594
22|2026-02,73,46,12,0.13114381724008467,0.1643835616438356,1.2534602477133865,5.935616438356164,0.9757177706886845,0.10529432220018992,0.24746113315544732,0.7462257608371308,1.8018888076086013,0.5848541838134432,1.4011713945645703
11|2025-10,143,93,23,0.12704780035349333,0.16083916083916083,1.2659735972732122,6.062937062937063,0.9751577094234437,0.11668037831263144,0.21759340633194602,0.9192180937752149,1.6304603174130357,0.7075017805319396,1.2528931128172978
15|2026-04,173,105,29,0.1342491307451413,0.1676300578034682,1.2486491113428309,5.806936416184972,0.9734170871061514,0.1261142397739246,0.2193816521639143,0.9519082154362439,1.574881286130204,0.7434775706101594,1.227194904536101
6|2025-11,59,41,9,0.1199899464624311,0.15254237288135594,1.2712929489398266,6.357627118644068,0.969807526572824,0.09096417846458861,0.24458984626414398,0.688353699001781,1.8821171737357687,0.5224249516005515,1.4348435621301774
18|2026-04,105,56,18,0.1389779777543646,0.17142857142857143,1.2334945017804284,5.6552380952380945,0.9694693877551019,0.1193816283072967,0.23998282233114132,0.8738191613407725,1.6109860554937163,0.6859080072726222,1.2605970867565186
1|2025-11,128,84,20,0.12457112390882541,0.15625,1.2543035263482138,6.18828125,0.9669189453125,0.11064381828111078,0.21608710931029515,0.8504854270807111,1.6736060473829033,0.6533833368776165,1.2926795421386952
15|2025-07,165,94,27,0.13283208480023184,0.16363636363636364,1.2319039024529264,5.898181818181818,0.9651570247933885,0.12176207866827479,0.21636355681268313,0.9097198056154787,1.5499909889715786,0.7137547879214161,1.21670436618957
9|2025-12,208,124,34,0.1317119248503008,0.16346153846153846,1.2410534478736315,5.900961538461539,0.96458025147929,0.12565808644850343,0.20990756737825225,0.9625055862832717,1.5273079193368522,0.749920211273137,1.1856365397677644
3|2025-11,71,50,11,0.12464790714946461,0.15492957746478872,1.2429376554153735,6.181690140845071,0.9577266415393771,0.0971234033639606,0.23806907058451904,0.7292973652585218,1.8540149807674784,0.5625669027941755,1.4345999085505257
18|2025-05,160,90,26,0.1330016122732786,0.1625,1.2217897003091287,5.886875000000001,0.9566171875000001,0.12021089697640652,0.21601331697933773,0.9193614317413091,1.5479022701422256,0.7178027698812941,1.2126497244441619
23|2025-06,169,103,26,0.12516628031139598,0.15384615384615385,1.2291341842499945,6.199408284023668,0.9537551206190259,0.11368312836454297,0.20491778779469955,0.877241308681545,1.5614438428809558,0.68015530771132,1.2092272228884653
7|2025-11,192,124,31,0.1316877161210877,0.16145833333333334,1.2260698118940065,5.90625,0.95361328125,0.12253408566761345,0.20979103618671455,0.9122160200172877,1.5538027901882652,0.7087420501284827,1.208351862079372
13|2026-02,162,100,25,0.12481155697670183,0.15432098765432098,1.2364318769224838,6.1154320987654325,0.9437395214144185,0.11335161455557052,0.20664698627345873,0.8678518339196011,1.6185497878106652,0.6615702831459622,1.2358264705882356
7|2025-12,216,131,34,0.12959874165526192,0.1574074074074074,1.2145751216174436,5.993055555555555,0.9433513374485597,0.12091846523456376,0.20237257868420164,0.9255919127450574,1.5027465156914666,0.7182198142722114,1.1658359452208806
7|2026-03,134,88,21,0.12868636297813646,0.15671641791044777,1.2178168244375167,6.016417910447761,0.9428714635776343,0.11191899340075104,0.21510171347429366,0.8758493413431347,1.572871478649131,0.6795141776937619,1.2157795365151163
13|2026-01,192,121,30,0.12784316256719164,0.15625,1.222200678255893,6.029687499999999,0.9421386718749998,0.11795978369408493,0.20409341695800193,0.9212842933574061,1.5423966207514808,0.7113575865403686,1.1903089511706957
18|2025-12,209,126,32,0.125675931152092,0.15311004784688995,1.2182925277999126,6.137799043062201,0.939758705157849,0.11659484237258227,0.19849158552985624,0.9273460617627671,1.4954385090285256,0.7152242638079687,1.15353209466353
16|2026-03,217,125,34,0.13053024759928922,0.15668202764976957,1.2003503443183752,5.994009216589861,0.9391535178067062,0.12035105434363622,0.20146851535178387,0.9350748760072182,1.4840769285251965,0.7337072652266907,1.1621008930321102
13|2025-08,137,86,21,0.12610299243838222,0.15328467153284672,1.2155514200644073,6.125547445255474,0.9389525281048537,0.10941682886035894,0.21058152159009982,0.8717112681458778,1.5765574083654443,0.6712406722310341,1.216631363875175
13|2025-12,175,102,27,0.12727049673443644,0.15428571428571428,1.2122661437210227,6.073714285714284,0.9370873469387752,0.11466855376627993,0.20442978358380665,0.9052079347253853,1.5370518575154306,0.7003829214591604,1.1837703645073714
8|2025-07,162,106,25,0.12813890965383173,0.15432098765432098,1.204325743610745,6.049382716049382,0.9335467154397195,0.11335161455557052,0.20664698627345873,0.897256767616288,1.523515400575096,0.6945016655140477,1.1798778670921406
18|2025-11,196,119,30,0.12701520008111003,0.15306122448979592,1.2050622633515775,6.095918367346939,0.9330487296959601,0.1155076231293363,0.20006255354558636,0.8907513209315917,1.5371136799462477,0.6928364077578562,1.1839202658688863
9|2026-04,137,78,21,0.1288853969395705,0.15328467153284672,1.1893098455887607,6.00948905109489,0.921162555277319,0.10941682886035894,0.21058152159009982,0.8439441214262186,1.5478202838757191,0.6533698958886386,1.1946862032312922
8|2026-04,138,86,21,0.12737000732207202,0.15217391304347827,1.1947389832418418,6.047826086956522,0.9203213610586012,0.10860747396041756,0.20911663524413845,0.828467009934262,1.5819367579123953,0.6356472840277778,1.215820084024895
15|2025-09,152,91,23,0.12696623222563969,0.1513157894736842,1.191779789170804,6.070394736842106,0.9185465720221607,0.10963268206978369,0.20519471432889433,0.873091255864281,1.5452189725746166,0.6736529595478877,1.1926013652116574
23|2026-02,185,114,28,0.1280409188047982,0.15135135135135136,1.1820545554042028,6.052972972972973,0.9161256391526662,0.1130567496473166,0.19969663191944692,0.9039291960101022,1.449529302080295,0.701602368381918,1.120341216259808
15|2026-02,193,104,30,0.13233908542717823,0.15544041450777202,1.1745616497652591,5.891191709844559,0.9157292813229885,0.11733702629142717,0.2030705735515665,0.9069764349264946,1.4572596336659824,0.7078947796266043,1.135442327764035
14|2025-07,115,69,17,0.12482581603215703,0.14782608695652175,1.1842589270030448,6.168695652173912,0.9118941398865783,0.10150489844556243,0.21033719817081653,0.817218713198058,1.565143657065898,0.6293932434818826,1.2056259165270342
24|2025-08,252,153,38,0.1286444014456022,0.15079365079365079,1.172174219003339,6.045634920634921,0.9116433610481229,0.1174356404222714,0.19157036858231946,0.9095299778662894,1.43453431582779,0.706171250097871,1.1159305401027508
21|2026-03,185,112,28,0.12894197879748895,0.15135135135135136,1.1737942349175334,5.990270270270269,0.90663550036523,0.1130567496473166,0.19969663191944692,0.8780397739532986,1.4866598536258178,0.6779460324170425,1.1493020309401647
12|2026-03,95,64,14,0.1256388316543771,0.14736842105263157,1.17295281333108,6.124210526315789,0.9025152354570636,0.097344083051929,0.21692205138210818,0.737245928045615,1.6064730206865228,0.5677495614724697,1.2392595303686211
23|2025-09,150,91,23,0.13257344486957934,0.15333333333333332,1.1565916046322609,5.885333333333333,0.9024177777777777,0.11112419523057974,0.20782652752911301,0.822914330899076,1.5028338113615483,0.6409773111747378,1.1738254928306593
24|2026-04,220,125,34,0.13384865422001127,0.15454545454545454,1.1546283781936522,5.828636363636364,0.9007892561983472,0.11868035356970669,0.19880408061847687,0.9179947820416945,1.41728145743713,0.716313928618539,1.1028411783337708
15|2025-06,179,103,27,0.1307642035606353,0.15083798882681565,1.1535113182322265,5.950837988826816,0.8976124340688494,0.1120574729686549,0.2000163491952849,0.881003875386721,1.4369411698179233,0.6863171436299269,1.1205140233082165
17|2025-11,226,134,33,0.12544020743948042,0.14601769911504425,1.1640422325153728,6.14646017699115,0.8974919727464954,0.11157012983250778,0.18884035614194186,0.8803198539870871,1.4668721899182195,0.6809784145813406,1.1320632379217979
24|2025-07,169,102,25,0.12725097715882452,0.14792899408284024,1.1624979028507347,6.064497041420119,0.897114946955639,0.10856699335384817,0.19838607521837281,0.8669879150587252,1.474160492547831,0.666467433462641,1.1365041214238414
22|2026-03,184,113,28,0.13302095231753003,0.15217391304347827,1.143984540722794,5.884239130434783,0.8954276937618149,0.11368281196344017,0.20074568527359626,0.8650774330656744,1.456583879979077,0.6773005383654472,1.139023407996757
1|2026-01,141,85,21,0.12920074885470043,0.14893617021276595,1.1527500539510034,6.007801418439716,0.8947789346612343,0.10624974902302572,0.2048415448794668,0.8209222111596317,1.4834624237618146,0.6378223883272595,1.150772054853687
10|2025-11,116,75,17,0.12574752659697136,0.14655172413793102,1.165444188875686,6.1017241379310345,0.894218192627824,0.10061126874291551,0.2086038056844199,0.7728753042307059,1.5535387307768356,0.5913548452681255,1.196150838070997
17|2026-04,102,66,15,0.1271525820471987,0.14705882352941177,1.15655396974026,6.07156862745098,0.8928777393310265,0.09852200035092915,0.21383532453544665,0.7346744065039896,1.5964638418507746,0.5637925257531538,1.2342978187254687
12|2026-02,141,94,20,0.12241111327457277,0.14184397163120568,1.1587507689195202,6.2893617021276595,0.8921080428549872,0.10024268691353853,0.19693125939102457,0.8047959282082878,1.5317148667127418,0.6193665407010878,1.1779482536146073
5|2025-11,130,83,19,0.12588438047168599,0.14615384615384616,1.161016526484151,6.1038461538461535,0.8921005917159763,0.10241433632017544,0.2043214819026405,0.8042805198420164,1.5555749746362508,0.615506375267938,1.1976833896056238
13|2025-07,218,134,32,0.12771820840500556,0.14678899082568808,1.149319213437503,6.050000000000001,0.888073394495413,0.11169754550644859,0.1905401890340502,0.8598381391514427,1.4288331779934937,0.6626011135761225,1.1058700167643876
14|2026-03,76,46,11,0.12526186847626972,0.14473684210526316,1.1554740789507134,6.135526315789474,0.8880367036011081,0.09058338608317099,0.22331500493047837,0.6768518965695364,1.6503581491304782,0.5180212898885045,1.2708048003032095
18|2026-01,254,147,37,0.1275955381759039,0.14566929133858267,1.1416487866351737,6.0653543307086615,0.8835358670717341,0.1129952091977624,0.18581229773015884,0.8772670969121081,1.3941469262148087,0.6787975421989051,1.0802885108481264
19|2025-08,123,74,18,0.128159683427971,0.14634146341463414,1.141868171802108,6.033333333333331,0.8829268292682924,0.10154427453172055,0.20636214224638855,0.7757412747337529,1.5595569168951167,0.5988972636765503,1.207944390241053
20|2025-05,149,98,22,0.12962853287670395,0.1476510067114094,1.1390316887397585,5.9771812080536915,0.8825368226656458,0.10614447186272313,0.20172524990672586,0.8011360298644392,1.5002170481425459,0.618890907650667,1.1654141174750103
6|2026-03,189,115,27,0.12425602955213746,0.14285714285714285,1.149699884762537,6.167724867724867,0.8811035525321238,0.106022337750539,0.1897726738719276,0.8501222309155086,1.4541479865256053,0.6499810601495755,1.113428296415264
21|2025-08,217,129,32,0.1295125367269331,0.14746543778801843,1.1386190210986107,5.970046082949309,0.8803754592367644,0.11222126377579862,0.19139211987117638,0.8697974788263544,1.410724247328089,0.6714411374199909,1.0924302545839524
9|2025-08,235,136,35,0.1319189192205157,0.14893617021276595,1.1289978048092115,5.911063829787234,0.8803712086917157,0.11473939368355447,0.19112450161149142,0.8716760013087648,1.4031737121443602,0.6807593688362917,1.0892370527336412
16|2025-08,205,128,30,0.12887249012829974,0.14634146341463414,1.135552384135226,6.011219512195122,0.8796906603212373,0.11034662205649591,0.1915497183652215,0.861404855432386,1.4346764590976284,0.6674802937330556,1.1120118863802912
24|2025-12,152,96,22,0.12800600111612648,0.14473684210526316,1.1307035673582095,6.069078947368421,0.87841932132964,0.1040088923512241,0.19789071907384412,0.8104002538417191,1.4702532455655042,0.6314042743463696,1.140510342903115
19|2025-11,145,88,21,0.12772988455871565,0.14482758620689656,1.1338582721439894,6.0489655172413785,0.8760570749108204,0.10326099270018946,0.19940566698404377,0.792533958985655,1.5062729473130043,0.6140862835472062,1.1663099977175226
8|2025-09,120,80,17,0.1251686616741463,0.14166666666666666,1.1318061947124585,6.1691666666666665,0.8739652777777778,0.09718886257938159,0.2019463062227279,0.7362055117516348,1.5287359756084047,0.5676850445577598,1.174463211447227
24|2025-06,165,91,24,0.12846904906365555,0.14545454545454545,1.1322146969615514,6.004848484848485,0.8734325068870523,0.1060304334292177,0.19631820937503525,0.8208947687077759,1.4661030373097579,0.6347076755216811,1.1287385126561476
10|2026-01,158,95,23,0.1290101776817506,0.14556962025316456,1.1283576448694126,5.9936708860759484,0.8724963948085241,0.1053892506210291,0.19768395026085495,0.8286734955492622,1.460279177269122,0.6407237287444195,1.1284396527310105
3|2025-12,79,51,11,0.12237644618591352,0.13924050632911392,1.137804787349198,6.2405063291139244,0.8689312610158628,0.0870660614641245,0.21530685486040518,0.6713041360924843,1.6896977838416085,0.5115757522984176,1.2987753023431594
10|2025-06,215,119,32,0.13360151650385985,0.14883720930232558,1.114038322297229,5.836279069767443,0.8686554894537589,0.11328358397373858,0.1931190109981286,0.8482724611600978,1.3832181259026242,0.6614890096810139,1.0795862310195068
19|2026-01,207,122,30,0.13010923021759324,0.14492753623188406,1.1138912741971407,5.977294685990339,0.8662745921725129,0.10926179245724271,0.1897553075261999,0.8420458255195694,1.409704190707833,0.6554890873299898,1.0968427139613626
20|2025-08,149,95,21,0.12579371046332635,0.14093959731543623,1.1204025765383991,6.145637583892618,0.8661636863204359,0.1004359000725148,0.19425038782587606,0.7917225911383142,1.4731659314056478,0.6100417245779048,1.137324679195186
13|2026-04,76,47,11,0.12828855295828853,0.14473684210526316,1.1282132253243404,5.9828947368421055,0.8659452908587258,0.09058338608317099,0.22331500493047837,0.6562226767800677,1.6123670993838153,0.5023432483890898,1.2362077477069258
23|2025-12,178,95,26,0.13309658508793473,0.14606741573033707,1.097454270775112,5.882022471910112,0.8591718217396792,0.10782829881381589,0.19490476852007171,0.8020102712705333,1.3873156333003265,0.6253111292341512,1.0880316199440143
7|2025-05,218,138,31,0.12783246491760575,0.14220183486238533,1.112407829685842,6.041743119266054,0.8591469573268242,0.1076707346081696,0.18550515232895903,0.842556167578754,1.4029140836088116,0.6524329571740037,1.083832394233478
12|2025-05,239,136,35,0.13304896435283678,0.14644351464435146,1.100673841067964,5.844769874476988,0.855928642705835,0.11278681916443056,0.18801531559464918,0.845658250200718,1.3550561902504445,0.6570623918846933,1.0536441292312828
12|2025-11,198,125,27,0.122360061470195,0.13636363636363635,1.114445634671836,6.254040404040404,0.852823691460055,0.10112117092734506,0.18140985675732313,0.7960358719733331,1.4275720775200342,0.6077029379209185,1.0910198292718154
8|2026-01,85,54,12,0.12677280259474255,0.1411764705882353,1.1136179661463923,6.035294117647059,0.8520415224913495,0.0900947402174849,0.2143962007465027,0.6752834401372829,1.5655484687590173,0.5161515902370114,1.1997501643655488
17|2025-05,221,128,31,0.12710176171957646,0.14027149321266968,1.1036156487126394,6.071493212669683,0.8516574189717655,0.10618471111135575,0.18305954477528052,0.8343172663707614,1.3978940829167672,0.642611321333974,1.0756993598362594
19|2025-12,186,108,26,0.1281809477047648,0.13978494623655913,1.0905282628938076,6.081182795698925,0.8500578101514625,0.10310844709156466,0.18679052700721746,0.7821596502479828,1.3963504203437733,0.6108249623050888,1.0898552873565088
20|2026-02,67,44,9,0.12165529223875428,0.13432835820895522,1.1041719249280948,6.3014925373134325,0.8464691468032969,0.07985644434790701,0.2171865514897347,0.6054705879191526,1.6339022052396985,0.4629705078898094,1.2480567174515238
12|2025-10,192,124,26,0.12267849916415291,0.13541666666666666,1.1038337409513719,6.241666666666667,0.8452256944444444,0.09983126360541061,0.1811342522377118,0.8013000134325183,1.4181604769661151,0.6136242972003436,1.0824560361097562
14|2025-10,143,87,20,0.1286505348507163,0.13986013986013987,1.0871322068146159,6.023776223776223,0.8424861851435278,0.0988137307564074,0.1942811127321646,0.7657692416081547,1.4035134167520125,0.5926064822357958,1.0904463953379246
15|2025-08,155,83,22,0.1319162882150866,0.14193548387096774,1.0759511641166333,5.925806451612903,0.8410822060353799,0.10195761344818138,0.1941990239860022,0.7691108130228834,1.388546996510436,0.6005785539638332,1.0887328798185938
12|2025-07,152,96,21,0.12717084448931715,0.13815789473684212,1.0863959840138353,6.073026315789474,0.8390365304709143,0.09841655478385913,0.19055527166759922,0.7648103638812506,1.4162090426769876,0.5927409210876718,1.0937369072897902
7|2025-07,175,114,24,0.12643356916252402,0.13714285714285715,1.0847028842993973,6.098285714285715,0.8363363265306124,0.09986369174230694,0.18547092679869306,0.7734814842547136,1.4245092457042807,0.5961735862544741,1.0979663521475256
7|2026-01,236,149,33,0.12942589557854317,0.13983050847457626,1.0803905033805152,5.977542372881355,0.835842789428325,0.10676544435762969,0.18106006006894815,0.8175157578140785,1.3443848397040445,0.6323163537696088,1.034289064730827
13|2026-03,205,145,28,0.1261579981051312,0.13658536585365855,1.082653243592514,6.114634146341465,0.8351695419393221,0.10184073054944795,0.18079757788390308,0.7838397668123509,1.368733312985852,0.6054595703125001,1.0557797015392891
12|2025-06,160,95,22,0.12686301264298022,0.1375,1.0838462459263407,6.065,0.8339375000000001,0.09871301488627415,0.18834262232545118,0.7787149496828941,1.398122075627802,0.5993497963789152,1.076812790557485
11|2025-09,125,91,17,0.12566192554824487,0.136,1.0822689482645726,6.1248,0.8329728,0.09322514726163095,0.19419811144200916,0.7063833563355775,1.4703040341861384,0.5453484483696648,1.1325762623327793
22|2026-01,189,110,26,0.1282338810607597,0.13756613756613756,1.072775279264581,6.050793650793651,0.8323843117493911,0.10144337727695378,0.1839189678510308,0.793005180285849,1.3885507775657957,0.6156419923483669,1.0759211880830764
14|2025-11,82,51,11,0.12416851570240525,0.13414634146341464,1.0803571316332978,6.180487804878048,0.8290898274836407,0.08381187785929634,0.207851954832883,0.6231933346154911,1.5609577857583892,0.47620974546208633,1.1974208581668226
10|2026-02,115,66,16,0.1293556366763759,0.1391304347826087,1.075565304747311,5.95304347826087,0.8282495274102081,0.09430396430981669,0.2005465791365963,0.7044396505183824,1.4511409602055363,0.5440202372532155,1.1153265417982055
8|2026-02,92,63,12,0.12032720044733303,0.13043478260869565,1.084000808826153,6.339130434782608,0.8268431001890358,0.08309874865049408,0.19888625961926806,0.6341328993891835,1.603625410555856,0.48394545719801013,1.2225406781950623
22|2025-08,156,100,21,0.1255816749373753,0.1346153846153846,1.0719349354315764,6.137179487179487,0.8261587771203155,0.09584719065453529,0.18584141631606,0.7632550384334065,1.3883989161684527,0.5880408634068642,1.0699453418301896
18|2025-07,148,88,20,0.12695208636133626,0.13513513513513514,1.0644577730728106,6.112837837837838,0.8260591672753835,0.09541355815026895,0.18795719567408145,0.7526369755349255,1.3956747540243808,0.581388141511542,1.0856557218562888
15|2025-05,152,97,21,0.13004750644661103,0.13815789473684212,1.0623648119970734,5.969736842105263,0.8247662742382272,0.09841655478385913,0.19055527166759922,0.7623835675528905,1.3854870803103088,0.5916812583021375,1.0747877011934655
1|2025-05,174,104,23,0.1231044138957607,0.13218390804597702,1.0737544159700434,6.232758620689657,0.8238703923900121,0.0955300490742378,0.1801010516939628,0.7734817682309789,1.3995084512653628,0.5937794049710811,1.074786886575122
2|2025-08,76,55,10,0.12244013050203315,0.13157894736842105,1.074639065059116,6.2486842105263145,0.8221952908587256,0.08030345369637473,0.20818376661407642,0.6102901158028743,1.5795900459110181,0.4645558977610402,1.208518849271049
2|2025-12,62,49,8,0.11984716913019498,0.12903225806451613,1.0766400157882994,6.366129032258065,0.8214360041623309,0.07426068242789265,0.21482650323751856,0.5279144156608021,1.6768214249407418,0.4028964817991312,1.273030931122449
21|2026-01,118,71,16,0.12716487794837417,0.13559322033898305,1.066278854087609,6.0313559322033905,0.8178109738580869,0.09185880400279733,0.19566356208715785,0.723158229380209,1.4363962056711637,0.5547062990485454,1.1018388406818678
5|2025-10,143,91,19,0.12496664138557058,0.13286713286713286,1.0632208035197666,6.148951048951049,0.816993496014475,0.09293148588280337,0.18643704388710008,0.7241521797089872,1.4192695373681008,0.5568256760601618,1.092313174823073
23|2025-07,189,114,26,0.13026934849502353,0.13756613756613756,1.0560130925303028,5.937037037037038,0.8167352537722908,0.10144337727695378,0.1839189678510308,0.7769727600982629,1.339945584039458,0.6002817325787143,1.037369982037464
3|2025-05,31,23,4,0.120018068970394,0.12903225806451613,1.0751069332430747,6.322580645161291,0.8158168574401665,0.05927250137645876,0.25834716461930285,0.310801162308193,1.9984498131569313,0.23514668367346944,1.5096096456814987
9|2026-03,70,41,10,0.1376436411971344,0.14285714285714285,1.037876807200571,5.7042857142857155,0.8148979591836736,0.08734871453998375,0.22494581453442117,0.6073477443289086,1.4505101617924248,0.47589703479430995,1.1414869721724588
1|2026-03,105,68,14,0.12690019815309606,0.13333333333333333,1.0506944455080847,6.107619047619047,0.8143492063492063,0.087885269482621,0.19720259572259247,0.645150973004468,1.4997626575430418,0.5001976751730103,1.1615268779801236
21|2025-11,189,121,25,0.1252520984103323,0.13227513227513227,1.0560711872610082,6.143915343915343,0.8126872148036167,0.09688402129110096,0.17804565734240163,0.7588301411585168,1.3770576043972487,0.5835760368815515,1.057677381826806
11|2025-08,206,125,28,0.12995336065521318,0.13592233009708737,1.0459316281762872,5.954368932038836,0.8093316995004243,0.10133809459900006,0.17994596945849173,0.785300272556596,1.3256141354030284,0.6081533861804115,1.0256132035929433
24|2025-09,234,133,32,0.13066432112359966,0.13675213675213677,1.046591262068996,5.914102564102564,0.8087661626123166,0.10393703509149349,0.1778710817810702,0.7877745606869611,1.3022414611767414,0.608125828159185,1.0046122954487278
22|2025-07,155,99,21,0.12984315862025592,0.13548387096774195,1.043442507155753,5.968387096774195,0.8086201873048909,0.09647686340734032,0.18699791163826998,0.72922035699373,1.3775330379171575,0.5637637799824092,1.0686817231754526
21|2026-02,170,97,23,0.1293175409506528,0.13529411764705881,1.0462162878482717,5.975294117647058,0.8084221453287196,0.09781765573384449,0.18419728414584263,0.7522279169245707,1.3444232020882507,0.5808968533006538,1.036705452692373
5|2025-12,153,97,20,0.12484699509917953,0.13071895424836602,1.0470332437278267,6.184313725490196,0.808407022939895,0.09223974265085896,0.18203143939402264,0.7181940768019478,1.375224566178759,0.5547908434618468,1.0582029783243925
6|2026-02,142,88,19,0.12843982495783826,0.13380281690140844,1.0417548991936936,6.020422535211266,0.8055494941479863,0.0935981002930317,0.1877010295292362,0.7216166978299474,1.3949657564850422,0.5569095719971666,1.0787413579919085
4|2025-06,63,44,8,0.12064734888403107,0.12698412698412698,1.052523144177722,6.326984126984127,0.8034265558075081,0.07305633925112838,0.2116311082724413,0.5119149695059896,1.6535120060246404,0.3931794587029709,1.2612768252261934
11|2026-04,102,60,14,0.13253198340874345,0.13725490196078433,1.0356360663333233,5.842156862745099,0.8018646674356018,0.09052395661508614,0.20273218285146674,0.6504080882642438,1.4571612866232282,0.5032646579993055,1.1291138160894512
16|2026-01,199,118,27,0.13239720619840267,0.135678391959799,1.024782892748351,5.8999999999999995,0.800502512562814,0.1006044428384057,0.18052587456906105,0.763754361031107,1.298326510304753,0.5953195730517088,1.0143309454394003
9|2025-10,140,88,19,0.13176204226618135,0.1357142857142857,1.0299953110936164,5.892142857142857,0.7996479591836734,0.09496045711349346,0.19028104415439037,0.702305286743451,1.3782108310292411,0.5426972893247654,1.0697639008446491
17|2025-07,156,98,20,0.12389449438457967,0.1282051282051282,1.0347927794690208,6.21025641025641,0.7961867192636423,0.09043487992696242,0.17865177277995908,0.6970191360251502,1.3874376552292305,0.5368501829215364,1.0637505223017856
16|2025-09,78,50,10,0.12376104397933166,0.1282051282051282,1.0359085870877003,6.206410256410256,0.7956936226166994,0.07820114562869171,0.20313694444947153,0.5813614669240146,1.4995059032059814,0.4434934760000234,1.1533339285714286
1|2025-10,95,58,12,0.12088081235809263,0.12631578947368421,1.0449614542586894,6.28842105263158,0.7943268698060942,0.080422565435421,0.19290423374094676,0.6448855765809126,1.4280466127364366,0.48945650873352314,1.0837503314179542
6|2025-09,133,81,17,0.12327460715689126,0.12781954887218044,1.0368684339793097,6.214285714285714,0.7943071965628357,0.08751488574844907,0.18296443675993213,0.6798713395654002,1.4143961743859337,0.5216741066572474,1.0824203807070207
13|2025-06,242,143,32,0.12897546204828877,0.1322314049586777,1.0252446694796091,6.004545454545454,0.7939894815927874,0.10044781159640234,0.17214733484991748,0.7823855461510392,1.288088558145654,0.6053256527815851,0.9974594889625641
21|2025-06,70,46,9,0.12437283420140487,0.12857142857142856,1.0337581305192791,6.174285714285714,0.7938367346938775,0.07636027577314684,0.20842603446423424,0.5521159167579865,1.5303781660586355,0.4223632697337322,1.173303680352262
23|2026-03,115,69,15,0.12671354491889442,0.13043478260869565,1.0293673236920575,6.062608695652173,0.7907750472589791,0.08716818680808992,0.1906908034683571,0.6595101762162365,1.3924374469691312,0.5104584099547909,1.0682855540230292
22|2025-11,162,110,21,0.12665036973848126,0.12962962962962962,1.0235234993573268,6.085185185185185,0.7888203017832647,0.09223535644473926,0.1791917158720778,0.7092839594219246,1.3529649503295569,0.5464312594237599,1.044279711431043
11|2025-05,192,113,26,0.13478126252921074,0.13541666666666666,1.0047143358470783,5.815104166666667,0.7874620225694444,0.09983126360541061,0.1811342522377118,0.7410909253354627,1.2774458756286249,0.5792874985298222,1.001191679666307
10|2025-09,100,62,13,0.1277207576988538,0.13,1.0178455118980763,6.0520000000000005,0.7867600000000001,0.08429987745807718,0.1951937359214718,0.6315181958089829,1.4356013487606953,0.48799265626245975,1.109156380886784
1|2026-04,80,51,10,0.12121464143389464,0.125,1.0312285588714936,6.286250000000001,0.7857812500000001,0.07620617427329049,0.19832854862225294,0.5795294404199175,1.5685126283584332,0.44155489453758795,1.192978451424397
23|2026-01,194,113,26,0.13357598359027087,0.13402061855670103,1.0033287044158627,5.860824742268041,0.7854713572111807,0.09878470594793155,0.179324098173605,0.7279948282026499,1.292442602639493,0.5667904882641347,1.0097925111706159
11|2026-02,124,81,16,0.12773703313770993,0.12903225806451613,1.0101397761869877,6.087096774193549,0.7854318418314257,0.08733035849624812,0.18657670593040818,0.642058766571307,1.381495123116653,0.49932838331411006,1.072373182156261
16|2025-06,216,131,29,0.13234108470851316,0.13425925925925927,1.0144941728033359,5.8435185185185174,0.7845464677640603,0.10059519134161243,0.17697227446355607,0.7426947138991585,1.2954740458419096,0.575868978430509,0.9995014070029304
18|2025-09,75,38,10,0.1320720468559336,0.13333333333333333,1.0095499881119854,5.857333333333333,0.7809777777777778,0.08139760512328956,0.21080218455463381,0.6024372792261348,1.4468478657164088,0.46706695835586803,1.1199951907676822
5|2026-03,145,95,19,0.1303324001796578,0.1310344827586207,1.005386861425057,5.940689655172414,0.778435196195006,0.09162636100682044,0.183959392257383,0.6668283244200987,1.338999702890383,0.514999373829098,1.0365502197256657
5|2026-01,126,86,16,0.12544482629830742,0.12698412698412698,1.0122707387083394,6.118253968253969,0.7769211388259007,0.08591855214469929,0.1837321755760815,0.6584132337421249,1.4008653443477646,0.5052931597013188,1.073912544623343
17|2025-12,184,120,23,0.12289033737808433,0.125,1.0171670341780013,6.21032608695652,0.776290760869565,0.09025353385191738,0.17061468973176247,0.7085808203179813,1.343926772463717,0.5404723718945658,1.0261830234690454
20|2025-06,169,107,22,0.13109028745991316,0.1301775147928994,0.9930370686898304,5.943195266272189,0.7736703896922377,0.09336523704296654,0.17864428876818997,0.7152315409089952,1.2926930095493654,0.5554096534507199,1.0073843540773713
16|2026-02,148,91,19,0.12893018115001492,0.12837837837837837,0.995720142741485,6.012162162162162,0.7718316289262235,0.08973603074504198,0.18036381111309263,0.6947943292282465,1.3006308727356701,0.5366704411322387,1.0079305647993837
19|2025-06,139,88,18,0.13076932389121498,0.12949640287769784,0.9902659050636672,5.953237410071942,0.7709228300812587,0.08964158524969917,0.18349905915024145,0.671660628996594,1.3312067448362535,0.5219962633641195,1.0333451365597022
16|2026-04,129,79,16,0.12370655112663682,0.12403100775193798,1.0026227925873465,6.199999999999999,0.7689922480620154,0.0838844541127783,0.17962414654222503,0.639960319339147,1.4263373553247862,0.4908863839893822,1.0923263199999995
6|2025-10,191,123,24,0.12608067721676594,0.1256544502617801,0.9966194109645125,6.1083769633507865,0.7675447493215648,0.09136265513038042,0.1704034386526386,0.7158596555844852,1.2934110149148703,0.5517241309530773,0.9965380021060478
14|2025-08,102,67,13,0.12903000415048563,0.12745098039215685,0.9877623521077533,6.007843137254904,0.7657054978854289,0.08261452216013755,0.19154043188659242,0.5959293995501618,1.4202980929070943,0.4623254882769053,1.0977726990843066
3|2025-10,41,31,5,0.12229966688713784,0.12195121951219512,0.9971508722483744,6.26829268292683,0.7644259369422963,0.06064086246531976,0.23006696198812138,0.37775739144883635,1.674478090919453,0.2905282814252958,1.2784886363636365
23|2025-05,200,111,26,0.133726999007565,0.13,0.9721297940189764,5.876999999999999,0.7640099999999999,0.09577274821084576,0.17410415067368823,0.7123253605029921,1.239432306703642,0.5596742352734337,0.9750830898305034
2|2025-05,66,42,8,0.1212638714662116,0.12121212121212122,0.9995732426033849,6.295454545454547,0.763085399449036,0.0696669565354479,0.20258972776824646,0.4850583904098687,1.5462597282988904,0.3703142894727854,1.1772185418610017
12|2025-09,143,88,17,0.11848654291743453,0.11888111888111888,1.0033301331439748,6.404895104895104,0.7614210963861312,0.08129130330006211,0.17062459903250432,0.672743547336666,1.3405941872495446,0.5107462822936357,1.0145453162580322
8|2025-08,197,112,25,0.12924734129097235,0.12690355329949238,0.9818658707554886,5.989340101522843,0.7600685408023912,0.092886192721502,0.17103008392512187,0.70695473150597,1.2837992799425042,0.546969299067666,0.9935952434684916
20|2026-01,191,116,25,0.1352935123629928,0.13089005235602094,0.9674525412929086,5.806806282722513,0.7600531783668211,0.09585262630726447,0.176238417213055,0.6921234981730368,1.24410640408415,0.5419262563728319,0.977618819896851
15|2026-03,129,80,17,0.13584845337978624,0.13178294573643412,0.9700732136273474,5.765116279069768,0.7597440057688842,0.09027975253560858,0.18841423779661118,0.6341596382207669,1.3114098840453687,0.4960176216456082,1.0282344055648898
8|2025-06,141,88,18,0.12982223454244454,0.1276595744680851,0.9833413738256648,5.941843971631205,0.7585332729741964,0.08834723357957908,0.18099201752912514,0.6690067280966064,1.3173931564690653,0.5156168704512291,1.0125337672187982
8|2025-12,138,95,17,0.12518889621037604,0.12318840579710146,0.984020224845558,6.148550724637682,0.757430161730729,0.08428830295875517,0.17657948201284718,0.6462461461268584,1.3371078933469989,0.4971709699565046,1.0266676449008652
11|2025-06,168,104,21,0.12775037223249974,0.125,0.9784707301870386,6.054166666666666,0.7567708333333333,0.08888599553172881,0.17300089196772273,0.6944549922636666,1.2806817083321953,0.5369017472070213,0.9907212616889243
23|2025-10,41,28,5,0.12368221274449118,0.12195121951219512,0.9860045095096088,6.195121951219513,0.7555026769779895,0.06064086246531976,0.23006696198812138,0.38578476620908564,1.6472631861177514,0.29633219954648526,1.2614835640138409
17|2025-08,149,90,18,0.12279339562190415,0.12080536912751678,0.9838099884418153,6.233557046979867,0.7530471600378363,0.08352339622107763,0.17161259006413893,0.6604165226539297,1.3278767344155806,0.5044212614996849,1.0197674651950257
9|2025-09,156,91,20,0.13371741741744236,0.1282051282051282,0.958776580352986,5.864743589743591,0.7518902038132808,0.09043487992696242,0.17865177277995908,0.6746883336436013,1.296498523122267,0.5283129730380244,1.0141901414667798
9|2026-01,195,110,25,0.13292904745133802,0.1282051282051282,0.9644628518989491,5.8538461538461535,0.7504930966469426,0.09385437861176602,0.17273168940272512,0.6982378444906209,1.217457010279143,0.5425209766764949,0.9468934911242608
22|2025-10,238,140,30,0.1306564061055401,0.12605042016806722,0.9647473394166964,5.946638655462186,0.7495763011086789,0.09481508618782308,0.16569218154801074,0.7235063197035869,1.2251399902307942,0.5605993758824619,0.9505180875892125
21|2025-10,186,105,24,0.1341576627402809,0.12903225806451613,0.9617956621256352,5.804838709677419,0.7490114464099895,0.09385941339772633,0.17484251515176572,0.6855742834226735,1.219982949301885,0.5326364239295767,0.9488196703013936
14|2025-12,76,55,9,0.12168667595729249,0.11842105263157894,0.9731636738367341,6.296052631578948,0.7455851800554016,0.07021288440828083,0.19286316519897218,0.5069298197893515,1.4959639360611596,0.3865988165680475,1.144299027203857
18|2026-03,261,137,33,0.1322019681461088,0.12643678160919541,0.9563910687733352,5.889655172413793,0.7446690447879509,0.09638905581740047,0.16414981095866088,0.7410027924117913,1.1920515120786088,0.5758040734337974,0.9299750593703593
8|2026-03,154,90,19,0.12819694374305474,0.12337662337662338,0.9623991007453911,6.0272727272727264,0.7436245572609208,0.08618021828341875,0.17357794059766446,0.6579186290061266,1.2984552446475572,0.5079830059449583,1.0044075842070086
21|2025-12,175,114,21,0.12361656900793841,0.12,0.9707436548598419,6.187428571428573,0.7424914285714287,0.08527350720499899,0.1662973925269144,0.6927104686845759,1.2803794069475842,0.5295571236361581,0.9783384082186928
1|2025-07,107,71,13,0.12579702542392718,0.12149532710280374,0.9658044512052092,6.110280373831776,0.7423705127085335,0.07868208980349733,0.18297782773847082,0.5775228528537866,1.3519973290767704,0.442361288987075,1.0390724128246018
6|2025-07,123,85,15,0.12665262411801914,0.12195121951219512,0.9628795325911045,6.069105691056912,0.7401348403727941,0.0813964838376831,0.1787793409940887,0.6219151165324355,1.3399283091569438,0.47791860788116863,1.0307032622248056
15|2025-12,154,99,19,0.12964053732285588,0.12337662337662338,0.9516824438128261,5.988961038961039,0.7388977905211671,0.08618021828341875,0.17357794059766446,0.6484799316471662,1.25982359837949,0.5036909612192547,0.9780487437004365
16|2025-05,228,132,28,0.12828026404633752,0.12280701754385964,0.9573336822841211,6.011403508771929,0.7382425361649737,0.09141298892059088,0.16304792508764285,0.7086570759536691,1.2185584558454343,0.5472713541209512,0.9393417193690543
16|2025-07,168,100,20,0.12472638780754186,0.11904761904761904,0.9544701898311574,6.176785714285713,0.735331632653061,0.08387081314159181,0.16629999320705732,0.6584824935734023,1.2554593000823093,0.5067566591701311,0.9660441558125868
14|2026-02,53,41,6,0.11733119554238465,0.11320754716981132,0.964854629209981,6.481132075471698,0.7337130651477394,0.05968310531085168,0.20430396926483452,0.38538310258419284,1.5790864542259984,0.29295130088766447,1.2011365715471292
19|2025-07,194,121,23,0.12473335756934895,0.11855670103092783,0.9504811170100426,6.1788659793814436,0.7325459666276969,0.08552966577962995,0.16207669344563347,0.6635678693307778,1.2417692200519486,0.5103147935151376,0.9575757036851498
3|2025-09,51,39,6,0.12545074977314077,0.11764705882352941,0.9377947842980358,6.194117647058822,0.7287197231833908,0.06207246405318828,0.21174551651831297,0.41971756463558574,1.4859926691654446,0.3268387970708926,1.1592729379244036
20|2025-07,171,97,21,0.13339370914357393,0.12280701754385964,0.9206357506086014,5.9187134502923975,0.7268595465271365,0.08730095616147629,0.17006298608893086,0.6546986380701717,1.2016056892517915,0.516915623377928,0.9475089695613599
9|2025-06,204,126,25,0.13177065551855643,0.12254901960784313,0.9300175302731595,5.910294117647058,0.7243007497116493,0.08964944345096142,0.16532941475174617,0.6808195714424429,1.1936208065108267,0.5303379066013426,0.9281861249887452
14|2025-06,105,72,12,0.12127789786359931,0.11428571428571428,0.9423457719744689,6.32857142857143,0.7232653061224491,0.07262677077232646,0.1753228017162747,0.5452706391615444,1.3843877311924853,0.41719704008082303,1.0632291666666664
22|2025-06,96,64,11,0.12123387383200945,0.11458333333333333,0.9451428854950918,6.291666666666667,0.7209201388888888,0.07136587226079277,0.1789295274660232,0.5435063252460537,1.3511829527152124,0.4148774302620457,1.0328906687989707
17|2026-02,172,101,20,0.12541260601285403,0.11627906976744186,0.9271721038595112,6.150581395348838,0.7151838831800974,0.08188964108222511,0.1625533377137881,0.6400356350797499,1.2318708362617024,0.4945510868252473,0.951886441728439
14|2025-05,77,47,9,0.12547968680877938,0.11688311688311688,0.9314903460130327,6.096103896103896,0.7125316242199359,0.06928332926419971,0.19049212118511938,0.4877040288015872,1.3987451251003438,0.3722532659176879,1.0722477460839912
7|2025-06,138,87,16,0.1255716514771377,0.11594202898550725,0.9233137226567123,6.144202898550724,0.7123713505566057,0.07832199411786275,0.16833170979550116,0.6099407485524763,1.2637946643818436,0.4691221216464883,0.9741612455059436
19|2026-03,204,113,24,0.12873742165434082,0.11764705882352941,0.913852843343492,6.015196078431372,0.7076701268742791,0.08545280298148118,0.1598504559771058,0.6537100342735753,1.1819051448549862,0.5055927411700504,0.9167946654474105
10|2026-04,100,57,12,0.1318045651236079,0.12,0.9104388750682693,5.882000000000001,0.70584,0.0763260081195623,0.18369445967565012,0.534107107002108,1.3069956006710353,0.4108834500328156,1.0123298385288182
12|2026-01,165,103,19,0.12599340908204446,0.11515151515151516,0.9139487215282089,6.098787878787879,0.7022846648301194,0.08034388670912102,0.16237643496729032,0.6376334440216682,1.1954682534792924,0.4898244816211541,0.9208602615611869
19|2026-02,162,99,19,0.13110972953795744,0.11728395061728394,0.894548032633453,5.951851851851852,0.6980566986739826,0.08185570164109687,0.16528560641961407,0.6150852006076046,1.178893035055171,0.47832170546822955,0.9220035885310657
12|2025-12,91,63,10,0.12044418552057118,0.10989010989010989,0.9123737224437563,6.3417582417582405,0.6968965100833231,0.06683018763079547,0.1754771787975144,0.5133356049749342,1.3272236227896972,0.39162544745702643,1.0181400285427726
12|2025-08,115,78,13,0.1250436151872673,0.11304347826086956,0.9040323897511588,6.136521739130435,0.6936937618147448,0.07311413704242564,0.17076174689408952,0.5516620272895894,1.2872790993436523,0.42245663205993117,0.98733718236879
1|2025-06,65,48,7,0.11744620130106526,0.1076923076923077,0.9169501141739431,6.426153846153845,0.6920473372781064,0.059449245210845963,0.18728894787997274,0.4383381838171782,1.4323431711732064,0.33093865725268357,1.0818847098067879
8|2025-05,168,111,19,0.1268745093191745,0.1130952380952381,0.8913944865845961,6.088095238095238,0.6885345804988662,0.07888692862740444,0.15956779657044234,0.597869624739318,1.2125063147078257,0.45929283511540764,0.9353452001035902
10|2025-10,120,72,14,0.13145015065340254,0.11666666666666667,0.8875354351953859,5.890833333333333,0.6872638888888889,0.07670684793599268,0.17353077450347332,0.5427150441201049,1.2431768070405862,0.4199675211150942,0.958489947577251
18|2026-02,229,128,26,0.12804762198883493,0.11353711790393013,0.8866788476074157,6.034497816593887,0.6851394900936291,0.08347260187557975,0.1526268139544669,0.6449732588598389,1.1561765151669436,0.49908035023876257,0.8912695238965889
15|2025-10,168,96,20,0.1373147596547867,0.11904761904761904,0.8669688484100924,5.693452380952381,0.6777919501133787,0.08387081314159181,0.16629999320705732,0.5914136805247332,1.1492535870927596,0.4626198001502676,0.8997376286259079
22|2025-09,137,85,15,0.12587361001791925,0.10948905109489052,0.8698332484410652,6.131386861313868,0.6713197293409345,0.07294494541720438,0.1611584598269965,0.5456771554010819,1.1967674990051405,0.420247464071285,0.9307904453470588
19|2025-09,200,124,22,0.1263446400245223,0.11,0.8706344802490239,6.1015,0.671165,0.07868439676534006,0.15172638854538492,0.6129380880476915,1.1430627402945321,0.47239313204567157,0.8811445950109913
21|2026-04,153,89,17,0.1285222718674527,0.1111111111111111,0.8645280658102743,6.011764705882353,0.6679738562091503,0.0758945060552952,0.1598424024698455,0.572681820063551,1.1676457601825547,0.44168429978448076,0.9016480571650709
21|2025-05,221,131,24,0.12626645968215042,0.1085972850678733,0.860064385595703,6.119909502262443,0.6646055568067811,0.07878862077902038,0.14787336833033862,0.6074860494459957,1.1319102425403196,0.46956483736234667,0.8757817184359814
24|2025-11,163,95,18,0.12870984307311722,0.11042944785276074,0.8579720495038456,6.014110429447853,0.6641348940494561,0.0762391911735158,0.15734106599402925,0.5724830519818336,1.1296472007112537,0.4429575123304464,0.8751635037363705
21|2025-07,163,97,18,0.12917215879905253,0.11042944785276074,0.8549013106187301,6.00122699386503,0.6627121833715984,0.0762391911735158,0.15734106599402925,0.5821318812041546,1.152148438517403,0.450587896958735,0.8922840971363505
9|2025-11,172,103,19,0.1293043175384312,0.11046511627906977,0.8543033858574589,5.973255813953488,0.6598363980530015,0.07702460973826268,0.15597053540314465,0.5683493422100273,1.1360294263790043,0.4372589432074462,0.8766484589771707
11|2025-11,35,20,4,0.13713259034993006,0.11428571428571428,0.8333957230304194,5.737142857142857,0.6556734693877551,0.05235600033307751,0.23156892086926162,0.23650097968892816,1.491274251118874,0.18498840051796372,1.1644499999999998
14|2026-01,111,71,12,0.12696691412290137,0.10810810810810811,0.8514667687635669,6.030630630630629,0.6519600681762843,0.06863519959228209,0.16623060063914488,0.5127911290611227,1.2116231733149085,0.3931800489632253,0.9268698891760586
10|2026-03,132,75,14,0.13099042545925105,0.10606060606060606,0.8096821251534889,5.946212121212122,0.6306588613406796,0.06962324964633596,0.1583224062394529,0.4883189321607789,1.1542437765656675,0.3789988498800903,0.9033591734293172
18|2025-10,210,119,22,0.128486744809717,0.10476190476190476,0.8153518475158846,6.007619047619047,0.6293696145124716,0.07488632051932295,0.14469208207259193,0.5774974247246426,1.0782911227047136,0.4449578575134648,0.8330507022559587
3|2026-01,41,32,4,0.12066602174037164,0.0975609756097561,0.8085206937514772,6.326829268292684,0.6172516359309936,0.04455799334533046,0.20038904558897785,0.22343091790965472,1.5363055074450793,0.17121621621621624,1.1702172208504797
11|2025-07,119,85,12,0.126296347721148,0.10084033613445378,0.7984422190663897,6.053781512605042,0.6104653626156344,0.0639492660795545,0.15547823653184578,0.461329699540228,1.1735222745755565,0.3526047450281035,0.8977150782376916
21|2025-09,203,121,20,0.12409139696061543,0.09852216748768473,0.793948411419319,6.175862068965518,0.60845931713946,0.069218938752677,0.13838627565723727,0.5325260994486936,1.0517294682771767,0.407279040540954,0.8053685706684434
5|2025-07,142,96,14,0.12550732425000843,0.09859154929577464,0.7855441894321799,6.140845070422535,0.6054354294782781,0.06464857037028876,0.14754470655027413,0.4779995928567027,1.103551568573751,0.3665280713495757,0.8475545013494372
8|2025-10,180,106,18,0.12810481409931582,0.1,0.7806107889315776,6.02611111111111,0.602611111111111,0.06893916995051388,0.14290740417283854,0.5105732160243277,1.0528881998394644,0.3940235865417967,0.8145709054735902
11|2026-03,82,53,8,0.12848239174239706,0.0975609756097561,0.7593334330618831,6.015853658536586,0.5869125520523499,0.05584985287491586,0.16498036308648142,0.36429608416018583,1.1769000798549942,0.2827339305587238,0.9073285083604111
6|2025-06,106,72,10,0.12443621566711921,0.09433962264150944,0.7581363844580301,6.1933962264150955,0.5842826628693487,0.05722983388024469,0.15164215859255495,0.40139431542521237,1.1365266245727925,0.3104025121788841,0.8719804929264964
4|2026-02,45,33,4,0.1178275939026674,0.08888888888888889,0.7543978956433279,6.48222222222222,0.5761975308641973,0.040533636021233735,0.18387515756890338,0.2082283953927838,1.3789352390159404,0.15781975014872102,1.0619207274746632
10|2025-12,144,85,14,0.13052217140810696,0.09722222222222222,0.7448713208902651,5.917361111111112,0.5752989969135803,0.06373777022696343,0.1455627287940791,0.46372873407849213,1.04443300480491,0.35754990895173944,0.8055636423866572
10|2025-07,187,112,18,0.13357046274531068,0.0962566844919786,0.720643490436346,5.83101604278075,0.5612742714976122,0.06632432827456222,0.13770525752118076,0.4944494051683231,0.9928601963001303,0.38550783660026317,0.7723288115461935
10|2025-08,125,71,11,0.12698482201426103,0.088,0.6929962069806828,6.127999999999999,0.5392639999999999,0.05458030081968278,0.1388767941965252,0.38853188885755113,1.0083673000796465,0.30076412918108414,0.7820556038901487
4|2026-04,36,27,3,0.11955082070212827,0.08333333333333333,0.697053628272163,6.372222222222222,0.5310185185185184,0.03379530192124369,0.19112192380948775,0.15764515714010569,1.3607976711588836,0.1205892636571036,1.0317259214876033
3|2026-04,24,22,2,0.12266608651088852,0.08333333333333333,0.6793510390986199,6.295833333333332,0.5246527777777776,0.02797094424668882,0.22312087366076844,0.0,1.4803720078275195,0.0,1.1461133255385487
2|2026-04,47,33,4,0.12575157930533248,0.0851063829787234,0.6767818221358471,6.134042553191488,0.5220461747397012,0.03878235713259799,0.17659690864250233,0.19196895813824139,1.2668046146809893,0.1484811099748772,0.9677733033822777
6|2025-08,104,71,9,0.1275448133577209,0.08653846153846154,0.6784945562290319,6.013461538461538,0.5203957100591715,0.05104120900082439,0.14300253777980007,0.34389452883407484,1.0501739899875395,0.2634505442869451,0.8023683578257164
2|2025-07,48,35,4,0.1224645487690648,0.08333333333333333,0.6804690350876773,6.241666666666667,0.5201388888888889,0.0379622819651753,0.17316933648966526,0.1837850535548509,1.179674336026944,0.14130064279155188,0.8992147358827637
2|2025-09,36,27,3,0.12265328571753203,0.08333333333333333,0.6794219400306019,6.213888888888889,0.517824074074074,0.03379530192124369,0.19112192380948775,0.1759675133633535,1.2258634477643802,0.13555450464288982,0.9288792972135137
4|2025-12,12,9,1,0.12417459177489532,0.08333333333333333,0.6710981058379532,6.166666666666668,0.513888888888889,0.018816049516361844,0.30116827943986896,0.0,2.2744456164523426,0.0,1.7189349489795918
17|2025-09,98,72,8,0.12301846034557419,0.08163265306122448,0.6635805132978269,6.244897959183674,0.5097875885047897,0.046607621990081886,0.1391373014025609,0.30300987501131316,1.02534341080972,0.23240298345233412,0.7889238887496306
12|2026-04,89,64,7,0.11942729719596475,0.07865168539325842,0.6585737703181977,6.387640449438202,0.5023986870344653,0.043203060150972465,0.1389619739885136,0.297841891324738,1.0914371215170504,0.2280187074829932,0.8328408304498273
4|2025-10,12,9,1,0.12646067250336043,0.08333333333333333,0.6589663939286652,6.016666666666667,0.5013888888888889,0.018816049516361844,0.30116827943986896,0.0,2.136268005550064,0.0,1.6160180555555552
17|2025-10,64,45,4,0.12283855964802584,0.0625,0.5087978903292558,6.2546875,0.39091796875,0.028365975853277388,0.13212358617933867,0.13619043175795142,0.921898162829382,0.10460101488548479,0.7066186556927295
4|2026-01,72,52,4,0.11980111154118436,0.05555555555555555,0.4637315534126498,6.354166666666667,0.35300925925925924,0.0251832223294937,0.11811997792998484,0.12588533241128896,0.8363066767384277,0.09563154377366898,0.636626861943002
4|2025-07,55,44,3,0.11760132810977911,0.05454545454545454,0.46381665430289326,6.465454545454544,0.3526611570247933,0.022007118074283905,0.12885435784302804,0.0,0.9110472004737626,0.0,0.6944900023625358
2|2025-06,24,20,1,0.10918947371798987,0.041666666666666664,0.38159966568097614,6.8875,0.2869791666666667,0.009351070046073273,0.16684992965212972,0.0,1.1530070559177739,0.0,0.8662369791666666
3|2025-08,48,31,2,0.1168321167723368,0.041666666666666664,0.35663709447171793,6.477083333333333,0.26987847222222217,0.013885480935656398,0.11835929936466827,0.0,0.7924448142236534,0.0,0.5989711934156378
2|2026-02,30,21,1,0.1181242874166218,0.03333333333333333,0.28218865114307434,6.4366666666666665,0.21455555555555555,0.007471878764942319,0.136404142151817,0.0,0.8110160344411506,0.0,0.6151166666666666
3|2026-03,30,25,1,0.12337420888207387,0.03333333333333333,0.27018072606402443,6.180000000000001,0.20600000000000002,0.007471878764942319,0.136404142151817,0.0,0.7841430938277414,0.0,0.5920777343749999
